{"stats":{"minecraft:custom":{"minecraft:jump":18,"minecraft:time_since_rest":572,"minecraft:leave_game":1,"minecraft:deaths":1,"minecraft:damage_taken":260,"minecraft:sprint_one_cm":505,"minecraft:play_time":4229,"minecraft:walk_on_water_one_cm":943,"minecraft:time_since_death":544,"minecraft:walk_one_cm":6422,"minecraft:sneak_time":20,"minecraft:climb_one_cm":248,"minecraft:total_world_time":4229,"minecraft:walk_under_water_one_cm":1149,"minecraft:swim_one_cm":8022,"minecraft:fly_one_cm":83},"minecraft:mined":{"minecraft:grass":1,"minecraft:sand":4,"minecraft:dirt":1},"minecraft:picked_up":{"minecraft:sand":4,"minecraft:dirt":1}},"DataVersion":3465}